title,label
"미주가 폭락, 5년 만에 최악 하루…트럼프 “호황 누릴 것”",0
주가상승 미공개 정보로 부당이득 광장 前직원들 재판행(종합),1
"차바이오텍, 유증發주가 폭락··· 자회사 투자 유치시 조기 상환 [Why 바이오]",0
전환청구권 행사에 상지건설주가12%하락,0
[아침밥] 신한투자증권 네이버 목표주가하향…시장 눈높이 높아,0
주가 폭락검은 금요일‥관세정책 여파 환율도 급등,0
"백종원, 어쩌다 국민 밉상 주가하락 …속타는 개미들",0
‘홈닥터’ 정책 기대에…원격의료주급등[특징주],1
"코스피, 美 관세 우려 완화 기대감에 강보합 [fn오전시황]",0
관세 면제 가능성에 애플주가3%상승,1
[뉴욕 인사이트] 뉴욕증시급등마감…미·중 관세율 논란 일단락 시사,1
"관세 협상 기다리는 뉴욕증시, 혼조 마감…엔비디아 2%↓[월스트리트in]",0
"[단독] “주가3배 뛴 지금이 적기”…산은, K조선 호황에 한화오션 지분 전량 매각 추진",1
"한화오션주가, 10% 넘게 급락…산은 지분 매각 영향",0
‘억만장자’ 스티브 코헨 엔비디아주가 폭락은 잘못된 정보 때문,0
"주가바닥 외국인 85억원어치 샀다…호텔신라, 11%대급등",1
[뉴스나우] 오늘 밤 한미 2+2 통상협의...트럼프 전면 나설까?,0
"머스크, 올해 순자산 75조원 증발…테슬라 주가하락 탓",0
"코스피, 2540선에서 ‘오르락내리락’… 코스닥은 소폭 상승세",1
한화오션 지분 4.2% 블록딜…할인율 8.57% [마켓딥다이브],1
"이재명 테마주 상지건설, 거래재개에주가28%상승",1
배당 쏠쏠했는데 털어야 하나…해킹 후폭풍 SK텔레콤주가향방은,1
"머스크, 테슬라 주가하락 “내 탓…그래도 지금이 매수 기회”",0
"트럼프 주니어, 정용진 초청으로 한국 온다…신세계I&C 14%급등, 그룹주 ‘들썩’ [종목Pick]",1
"신한證 SKT 유심 교체, 최대 2000억 부담…주가회복 전망",0
머스크의 한숨... 주가폭락 에 어려움 크다,0
"오스코텍, 높아진 실적 가시성 대비 주가하락 과도 -대신證",0
"머스크, 테슬라주가 폭락에 개인 재산도 270조 날아가",0
‘친구 트럼프’ 입에 테슬라주가수직상승…車 관세 보류 가능성에 12% ‘급등’ [투자360],1
"“평단 $120대 무지성 매매, 제대로 물린걸까요”…엔비디아, ‘中 화웨이 고성능 AI 칩 개발’ 보도에 ‘뚝’ [투자360]",0
‘올드카 천국’ 쿠바처럼 될라…‘트럼프 車 관세’에 美렌터카 주가급등 [투자360],1
"GS리테일, 뚜렷한 주가상승 동력 없어…목표가↓-흥국",1
"“삼성SDI, 실적 부진 계속될 것”… 증권가 목표가 줄하향",1
1분기 실적 주가상승 여력 충분,1
[단독] 주가상승 노재원 타짜4 주연 합류…변요한과 호흡,1
태양광 소재 美관세 면제 보도에 OCI홀딩스주가16%급등(종합),1
정치 테마주급등하자 CB전환 폭탄,1
"LG생건, 체질 개선 기대로급등…증권가선 갑론을박 [종목+]",1
"[특징주] 1분기 영업익 66% 감소한 에코프로비엠, 3%대하락",0
뉴진스 독자 활동 제동 걸리자…하이브주가상승,1
"대형주들, 1분기 실적은 좋은데…주가는 왜하락?",0
영남 산불 피해 확산 와중에…자연과환경 주가급등,1
"여력 투자매력도 높음, 주가상승 에릭슨 70% 이상 [돈 되는 해외 주식]",1
트럼프 “무역적자 해결 전엔 협상 안 해”… 관세전쟁 마이웨이 [글로벌 증시 ‘블랙먼데이’],0
"협상의 기술 이제훈, 산인 주가하락 에 위기 감지 사모엘에 먹히겠네",0
대선·추경 다가올수록…필수소비재株 뛴다,1
유상증자에주가 폭락했는데… 이재명 덕에 한숨 돌린 형지I&C 투자자들,0
"다올투자증권, 경영권 분쟁 끝이 보이자…주가는 14%대 급락 [종목Pick]",0
지옥 겪을 것 트럼프 엄포에 테슬라 주가급등 [지금이뉴스],1
"삼부토건주가조작 의혹, 조사 7개월 만에 검찰로",1
"한화에어로, 역대 최대 유상증자에주가 폭락…개미들 분통",0
공매도 집중 타깃된 배터리···주가하방 압력,0
"[오늘의 급등주] 자이글, 中 ‘나트륨이온 배터리’ 양산 소식에 급등",1
"주가120% 널뛴다…거래소, 대선 앞두고 정치테마주 주의보",1
테슬라주가 폭락에도 건재… 머스크 억만장자 1위 등극,0
[서울데이터랩]거래량 4천만주 동양철관주가4.93%하락,0
"독일 주가급등 의 비밀, 재정 긴축 풀고 군비 확충 [왜 다시 독일인가①]",1
"K바이오 산다고 하루만에주가-17% ‘뚝’…지금은 신고가 찍은 이곳[K주식, 이걸 사? 말아?]",0
면세점 바닥 의견에 호텔신라 주가급등 …위기 돌파 가능할까 [종목+],1
[함께하는 미래] ‘주가 폭락·경기 침체’ 가져온 트럼프 상호관세,0
"[사설] 관세·내수 비상에도 금리 동결, 한은 ‘역성장’ 경고했다",0
"제주은행, 더존비즈온 손잡자주가21%대급등[이런국장 저런주식]",1
머스크 복귀 소식에 테슬라주가10% 폭등(종합3),1
"중국 테크기업 수장들, 시진핑에 한 말은?…바이두는주가 폭락",0
미주가 폭락에 코스피도 2%대 급락 출발,0
최수종·하희라 배우들 다 떠났는데…주가급등 무슨 일?,1
"검찰, SG발 주가폭락 1심에 항소…라덕연 등 피고인 전원 대상",0
"GS리테일, 실적 회복·주가모멘텀 없다…목표가 하향-흥국",1
"브로드컴, SK랑 손잡더니 6%급등…美반도체주 사흘째 랠리 [투자360]",1
美中 갈등 봉합 기대에 빅테크주가꿈틀,1
"관세 전쟁에 美증시 9,600조 증발..트럼프는 골프 즐겨",0
거래재개 리노공업주가11% 올라,1
유령법인 1000여곳 퇴출…활동영역 넓히는 檢,0
한화에어로주가 폭락…주주들은 왜 유상증자 소식에 뿔났나,0
"[특징주] 트럼프 주니어, 정용진 초청 방한에…신세계I&C급등",1
"급등하던 대선 테마주, 전환사채 물량 폭탄…개미지옥 될라",1
"트럼프, 테슬라주가 폭락하자 백악관서 시승",0
"[마켓 프리뷰] 트럼프, 중국·파월에 화해 손짓?…코스피 큰 폭상승",1
"메리츠증권, 첫 온라인 전용 SUPER ELS 6종 출시",1
"[특징주] 카카오, SKT 4000억대 블록딜 여파에하락… 5%↓",0
이승기 장인 사건 피해자들에 진심 사과..처가와 관계 단절[공식입장][전문],1
"잘 나가던 한화오션, 산은 블록딜 소식에 11%대 내림세",1
"NH투자 엔터 업종, 주가상승 해도 中 공연 등 더 모멘텀 있다",1
신제품 발표에도 엔비디아 주가하락 …예전같지 않네,0
[단독]주가오를수록 부활한 건전성 뚝…K조선 産銀 지금이 매각 적기,1
"금융당국, ‘삼부토건주가조작 의혹 사건’ 검찰 넘길 듯…증선위 의결 예정",1
"금정호, 홈플러스 선긋기에 신영증권 주가급등 …누가 투자하겠나",1
"iM증권 에코프로비엠, 주가상승 18%↓ 제한적…목표가 여력",1
"에스엠, 현주가대비상승여력 충분…목표가 상향-IBK",1
지분 반토막에주가 폭락까지유증 현미경 심사로 개미 피해 막는다,0
대선공약·사업확장 기대감에 ‘상승랠리’ 시동 거는 증권株,1
엔비디아 2% 급락에도 반도체지수 0.38%하락에 그쳐(종합),0
산은 “생큐 ! 트럼프”… 한화오션 주가급등 에 지분매각 착수,1
달라진 미국 MZ덕 본다…30% 주가급등 한 이 회사,1
"리비안 소형 전기차 부문 분사,주가7%급등",1
"휴머노이드 로봇 진출 선언한 두산로보틱스,주가11%급등",1
"카카오페이, 단기 주가상승 여력 크지 않아 목표가 3.4만-신한",1
"워런 버핏, 재산 17조 증가…혼자 살아남은 비결?",0
"[체크!코스닥] 유진로봇, 차부품업체와 89억원 계약에 4%대 주가상승",1
"NH투자 솔브레인, 낸드 업황 사이클 따라 주가상승 전망",1
"[아침밥] 삼성증권 두산밥캣, 관세 안전지대…상승여력 충분",1
"트럼프, 주가폭락 ·시위 와중에도 주말 내내 가족 골프장 돌며 돈벌이",0
최대 보유국 일본에서 대거 처분...공포의 패닉셀 [지금이뉴스],0
"“SK텔레콤, 유심 해킹 사태 장기화 우려에주가급락”",0
"[특징주]일양약품, 백혈병 치료제주가조작 의혹 무혐의에급등",1
"미 레버리지 ETF 투자자들, 주말 이틀 동안 38조원 날려",0
급등한 정치테마주 팔아 수십억씩 챙긴 내부자들···도박장 된 국장 [이런국장 저런주식],1
"백혈병 치료제로주가조작 의혹받던 일양약품…검찰, 무혐의",1
‘탈중국’도 소용없었네…아시아 전역 관세 폭탄에 애플주가 폭락,0
모건스탠리 경고…SK하이닉스주가괜찮을까,0
美 스마트폰-컴퓨터 관세 혼란… 국내 전자업계주가‘갈팡질팡’,1
"반발시위 확산에도 견뎌라…트럼프, 관세 협상마저 빗장",0
주가하락 은 줍줍 기회···삼성중공업 2거래일 연속 순매수 1위 [주식 초고수는 지금],0
대세장 올라탄 큐라티스·자이글 상한가 직행[바이오맥짚기],1
"쎄크, 코스닥 상장 첫날주가롤러코스터…8% 이상 하락",1
"이재명 테마주 DSC인베,주가오르자 임원들 수십억 매도",1
中양자컴퓨팅 오리진 우콩 충격…美 리게티·아이온큐 주가하락,0
"젠슨 황 매직, 예전같지 않네...2028년까지 개발 계획 공개에도 주가하락",0
주가2400 붕괴·환율급등‥금융시장 공포,1
…“불확실성 타격 우려에도 주가상승 경제 여전”,1
주가 폭락·판매량 급감…구원투수 나선 트럼프?,0
美 스마트폰·반도체 관세 면제에 애플·엔비디아 주가급등 ... 삼성도 ‘기대’,1
[머니플로우] 美 테슬라주가 폭락에도 서학개미 사자 행렬,0
애플주가또 5%하락…웨드부시 트럼프 촉발 관세는 재앙,0
트럼프 무역고문 주식시장 바닥 찾는 중…다우 5만 간다,0
"올리고 순풍 에스티팜, 1분기 매출 524억·영업익 10억",1
"증여 본격화, 짓눌린주가해소?…한화 주가급등",1
"SK하이닉스, 코스피 탄력받아주가10%대급등[핫스탁]",1
올해 리니지M 제외 모두 실적하락…아이온2가 엔씨소프트주가변수,0
[서울데이터랩]펩트론(087010) 6.54%하락하며주가약세 보여,0
"임창정 ‘주가조작’ 의혹 끝…아내, 쇼핑몰 오픈 이어 이것도?",0
"“해외 성장 기대” LG생활건강, 1분기 선방에 증권가 목표가 줄줄이 상향···주가도 ‘쑥’ [종목Pick]",1
"테슬라주가9%급등…트럼프, 車 관세 부과 보류 가능성",1
[美 상호관세 폭탄] 트럼프 “무역적자 해결 안 되면 中과 협상 안할 것”,0
"유심 무료 교체만으론 부족···SK텔레콤,주가5.5만으로 추락[이런국장 저런주식]",0
K팝은 피했다…트럼프 상호 관세 발표에 오히려 주가상승 [IS엔터주],1
"[특징주]트럼프 관세에 구리 가격 상승…이구산업, 주가급등",1
"엔비디아, 마지노선 아래로 붕괴…테슬라 5.7%하락",0
트럼프 車관세에 외신 가격 급등 산업계 충격…주가도하락,0
다시 열리는 공매도 시장… “ 주가하락 가능성 작아”,0
“2년만에 최악” 관세 혼란에 요동치는 시장…주가 폭락에 달러 약세,0
"셀트리온, 주가하락 에도 본업은 견조…미국 의약 정책 지켜봐야-대신",0
"현대제철, 재무적 부담·수익성하락국면 벗어나야주가재평가-신한",0
"“트럼프, 임기내내 관세전쟁…대중관세 1년후 50~60% 될것”[트럼프 100일-전문가 인터뷰]",0
"[굿모닝경제] 애플, 트럼프 관세 핵폭탄 직격타...역대급 주가하락 [Y녹취록]",0
美연준 최근 증시 조정에도주가여전히 높아[마켓시그널],0
"에릭슨 투자매력도 높음, 주가상승 여력 70% 이상 [돈 되는 해외 주식]",1
"두산퓨얼셀, 4000억 공급 계약 해지에 주가하락",0
SKT 유심 해킹 2차 피해 우려에 보안株급등[이런국장 저런국장],1
美엔비디아주가中 화웨이 고성능 AI 칩 개발 보도에 3.6%↓,1
"[오늘의 급등주] 고바이오랩, 간 손상 치료 소재 美 특허 등록에 주가상승",1
"테슬라·애플, 관세 전쟁 우려에 장중주가 폭락",0
트럼프발 검은 월요일‥세계 증시 대폭락,0
"시프트업, 게임 니케 중국 흥행 기대에주가7.6% 상승(종합)",0
"[단독]부당이득 660억원 삼부토건주가조작 의혹, 김건희 빼고 검찰로",1
"대신證 “한화, 자회사 주가상승 으로 목표가 ↑… 상법 개정 시 승계 속도”",1
"HMM, 잔여 영구채 전환 후주가5%대급등[이런국장 저런주식]",1
트럼프 관세가 오히려 호재? 한화그룹 나홀로주가축포,1
트럼프 파월 때리기 쇼크…셀USA 달러∙주가∙국채 3중 추락,0
"현대차, 1Q 최대 매출 기록 전망… 주가상승 모멘텀 재점화-한화",1
유명 참치 통조림 자회사 편입 발표에···주가10%급등[줍줍리포트],1
"블랙핑크 리사 남친 父, 세계 1위 부자 자리 내줬다…테슬라주가 폭락에도 머스크 억만장자 1위",0
트럼프도 놀란 관세역풍 “中빼고 90일 유예”,0
공범 1심 판단 미뤄달라는 라덕연 측 변호사…법관 인사 때문,0
"엔비디아 4.51% 급락, 반도체지수 2.10%하락(상보)",0
“조선·방산·반도체? 우린 다 한다”···‘한화 삼총사’ 순매수 상위권 싹쓸이 [주식 초고수는 지금],1
주가 폭락하고 차량에는 화재 사고…테슬라 ‘최악의 하루’,0
뉴욕증시 3대 지수 혼조 마감… 공회전하는 미·중 협상에 실망,1
"이승기 장인, 퀀타피아주가조작 가담 혐의로 구속⋯증거인멸 우려",1
엔비디아·AMD 등 반도체폭락…대중 수출 추가 통제 충격,0
LG엔솔 분할에 LG화학 주가하락 … 메리츠는 100% 자회사로 ‘밸류업’,0
주가올해만 40% 뛰었는데…더 간다 국민연금도 담았다 [종목+],1
"[속보] 이재명 검찰, 해괴한 잔꾀로 尹 석방…환율폭등에주가 폭락누구 위한 일인가",0
[Why&Next]밸류업 외쳤지만…결국 개미 외면한 동원그룹,1
"대선 앞 ‘정치 테마주’ 60개 종목주가변동률, 시장 평균의 6배",1
조용히 웃는 KT…SKT 해킹 반사익,1
"현대차·기아 주가급등 …미, 캐나다·멕시코 자동차 관세 면제 영향",1
"“기아, 美 관세 직격타”…목표주가하향 하반기부터 영향",1
정용진 초청에 트럼프 주니어 방한…신세계주가3%↑,1
대선 승리에 베팅했나···민주당 공약에 전력株급등[이런국장 저런주식],1
"하락 재무적 부담·수익성 현대제철, 국면 벗어나야주가재평가-신한",1
"[클릭 e종목]SK텔레콤, 유심 해킹위험 노출 사태 장기화로주가우려",0
트럼프 “中 이외의 나라들과 관세협상 즉시 개시”,0
"“기아, 美 관세 영향 하반기부터 직격타”…목표주가하향",1
"뉴욕증시, 中 관세 인하·파월 해임 NO 트럼프 발언에 안도 랠리…나스닥 4%급등",1
애플 3.4%↓·엔비디아 5.3%↓…빅테크주가일제히하락,0
"IBM, 1분기 실적 기대치 상회…美 정부 사업 축소 여파에주가는하락",0
"中 재보복했지만, 없다에 더는 치킨게임 주가상승",1
알리바바 딥시크보다 저비용에 고성능 AI모델 출시… 주가급등,1
주가10배 폭등… 대선 테마주 ‘묻지마 베팅’ 기승,1
"유심 해킹 충격…SK텔레콤 이틀째하락, KT·LGU+ ‘반사이익’",0
美 해군장관 방한 소식에…조선주 주가상승 세,1
美증시 반등 베팅…대표지수 ETF 순자산 쑥,0
“AI가 동물실험 대체”···FDA 발표에 온코크로스급등한 이유는 [Why 바이오],1
KT&G 실적 주가상승 ...방경만 체제 주주가치제고 기대감,1
"미래에셋자산운용 미래에셋미국배당커버드콜액티브, 美 배당주 투자 … 주가상승 ·옵션 프리미엄 챙겨",1
"SKT, 해킹 후폭풍에주가휘청…재무부담 [분석+] 우려 가중",1
"엔비디아, 실적 좋은데 왜주가 폭락? 젠슨 황, 딥시크와 공존? 트럼프는 관세로 답했다. [한상춘의 지금세계는]",0
끌자 인기 농심라면 주가상승,1
[기업이슈] 머스크 백악관보다 테슬라 우선…이차전지주상승,1
[오늘의 급등주] 美 태양광 소재 상호관세 면제 소식에 한화솔루션 주가급등,1
"증선위, ‘주가조작’ 삼부토건 사주·대표이사 검찰 고발",1
[ET라씨로] HK이노엔 “신약 美 임상 3상 성공적 결과”…주가上,1
산은 지분 매각 한화오션 -12%…조선·한화그룹도 약세,0
형지글로벌 주가하락 에 속타는 SK증권,0
중국 초청장만으로…미중 사이에 낀 리카싱 가문 주가급등,1
기대보다 낮은 실적 예상 녹십자 목표주가↓ -키움,0
"반도체 일제 랠리, 반도체지수 6%급등…4000 재돌파(종합)",1
"한화에어로, 유증논란 수습 후주가급등...전고점 눈앞",1
현주가대비상승여력 상향-IBK,1
금융당국 삼부토건주가조작 의혹 검찰 고발 결정,1
"트럼프,주가 폭락에 시위 잇달아도… 골프 티샷 영상 올렸다",0
해킹 피해 SKT주가뚝뚝 떨어지는 와중에···30%급등한 회사 어디?,1
"SK텔레콤, 해킹 파장 확산에 5%대하락[핫스탁]",0
"“조선업, 경기 넘은 구조적 호황···중장기 주가상승 ” [마켓시그널]",1
아재개그 알아듣는 AI 뭐길래…바이두 주가급등 이유,1
"현대제철, 재무적 부담·수익성 하락 국면 벗어나야주가재평가-신한",1
"이복현 김건희 여사, 삼부토건주가조작 연관성 확인 안 돼…이제는 검찰의 시간",1
"엔터주 봄날 갔나… 주가하락 , 조정 시작?",0
"LG CNS, 클라우드·AI 앞세워 도약…증권가 주가41%상승기대",1
"행정수도 세종 이전 약속에급등한 계룡건설주가, 하루 거래 정지",1
애플주가또 5%하락마감…시가총액 순위 2위로 내려앉아(종합),0
계좌 털릴까봐 겁난다 폭등한 회사,1
"네이버, 커머스 실적 성장으로 주가상승 전망…최선호주-대신",1
LG엔솔 주가상승 영향 배터리 성장시킬 것 전환…구광모,1
트럼프 유연한 관세 기대감에…테슬라주가12%급등마감(종합),1
"카카오페이, 주가상승 여력 않아 목표가",1
육상부 듀오 주가상승 ...국대 윤동희도 다시 경쟁 모드→놀라운 롯데 외야 뎁스,1
"증선위, 삼부토건주가조작 의혹 검찰 고발",1
이익 반토막에도 “비트코인 살게” 한마디에 시들하던 ‘밈주식’ 주가급등,1
이재명 테마 폭등한 상지건설 증자 규모 200억→914억 불어나,0
"트럼프 관세 악재 미리 알았나…저커버그, 메타주가 폭락전 자사주 1조 매각",0
"DS투자 조선업 호황, 경기 넘은 모멘텀…중장기 주가상승",1
"[특징주] 안철수, 국민의힘 2차 경선 진출…써니전자·안랩급등",1
"올 1Q 영업적자만 4341억 ···증권가, 삼성SDI 목표주가줄줄이 내려 [마켓시그널]",1
미국 엔비디아주가중국 화웨이 고성능 AI 칩 개발 소식에 2.05%하락,0
"‘이재명 테마주’ 잘나가던 상지건설주가 폭락, 무슨 일이",0
"해킹 따라잡기] 배당성향 높았던 SKT, [시장 사태로주가급락…입지 흔들?",1
"NH투자 솔브레인, 낸드 사이클 따라 주가상승 전망",1
폭락장에도 배당률 8% 기대되는 이곳…슈퍼개미들도 주목한다,0
"트럼프 지지 억만장자 애크먼, 지분 매입에 이것 주가급등",1
‘트럼프 관세에주가 폭락’ 머스크도 자산 6조 원 손실,0
“AI·클라우드 사업부 고성장 기대”…LG CNS 목표주가도 ‘껑충’,1
"아센디오, 장 마감 기준 주가급등 1위",1
"주가바닥 외국인 85억원어치 샀다…호텔신라, 11%대 급등",1
실업률상승에도 파월 “경제 괜찮다”에 주가상승 반전,1
트럼프 車관세에 美 ‘빅3’주가동반하락… 코스피 2550대로 뚝,0
논란 끊이지 않는 백종원…끝없는 주가하락 에 개미들 눈물,0
"다올證 “현대모비스, 2분기 이후 실적 기대…목표주가하향” 반등",1
시총 11위 안착한 HD현대중공업...주가더 달릴까,1
테슬라가 어쩌다주가 폭락에 동학개미 패닉…ETN·ETF도 우수수,0
"美주식거래 플랫폼 위불, 375%급등해 ‘불기둥’",1
"자사주 많은 기업들주가오름세, 이유는?",1
"유럽 정치개입 머스크, 테슬라 판매 급감에주가 폭락",0
“美 기업도 큰 피해”… ‘中-베트남-인도 생산’ 애플주가 폭락,0
미중 무역전쟁에 빅테크주가이틀째하락…테슬라 9% 급락,0
관세유예 효과 딱 하루...빅테크주가또하락,0
"삼부토건주가조작 의혹, 검찰로 넘어갔다…“재건 사업 추진 능력도 없이주가부양용 홍보”",1
"현대제철, 재무적 부담·수익성 하락 국면 벗어나야주가재평가-신한 축소",1
20% 폭락…엔비디아 주가상승 멈춘 3가지 이유,1
처가 절연 선언하더니… 주가조작 구속 이승기 장인 의혹,1
호텔신라 12% 이상급등⋯2분기부터 영업익 흑전 가능,1
"삼부토건주가조작 의혹, 검찰에 넘기나…증선위서 고발 안건 의결 예정",1
올해 20% 폭락…엔비디아 주가상승 멈춘 3가지 이유,1
"스트래티지, 경쟁사 등장에주가반등 기대감…소프트뱅크, 테더 참여 21캐피탈이 시장 키운다",1
주가뛰자 대주주 먹튀…또 경고등 켜진 테마주,1
테슬라 주가상승 여력 40%···‘물타기’ 아닌 ‘바이 더 딥’ 척도로 제시된 이것 [매일 돈이 보이는 습관 M+],1
테슬라·팔란티어 고배당 커버드콜 ETF 수익률이 왜 이래?,1
“드디어 박스권 탈출하나”…옛 ‘황제주’ LG생건 목표가 상향에주가‘활짝’,1
"머스크 최악의 날... 테슬라주가 폭락, 차량 방화, X 접속 장애",0
전세계 증시 와르르‥트럼프 때로는 약을 먹어야 해,0
경기침체 깊어지는데 4대금융 배당만 1조···접수 시작 1분 만에 마감 카뱅 대출 또 ‘오픈런’ [AI 프리즘*금융상품 투자자 뉴스],0
"불확실한 장세 대안된 한국전력, 큰손 매수세 유입에주가짜릿",1
"트럼프,주가 폭락한 테슬라 시승…머스크, 1억불 기부로 화답(종합)",0
화웨이 직격탄에 엔비디아 주가폭락 …이유는?,0
"에코프로비엠, 주가상승 52주 제한 증권가 평에 여력 최저가",1
"땡큐 트럼프 산업은행, 한화오션 지분 매각 … 5개월 만에 140% 올라",0
美 엔비디아주가4.3%상승마감…110달러선 탈환,1
"애플 관세 면제 받을 가능성 50%,주가4%급등",1
[뉴스 속 경제] 3조 6천억 최대 증자‥그룹주가 동반하락왜?,0
양자컴 CEO 12명 앞에 선 젠슨 황··· 주가 폭락에 사과 [GTC 2025],0
"머스크, 테슬라주가 폭락책임 인정...“지금이 매수 기회”",0
"시프트업, 중국에서 게임 ‘니케’ 흥행 기대감에주가6%대상승",1
"[분석+] ‘35억 계약’에 주가급등 한 신라젠, 딜 구조 바꾸고 기술이전 시동",1
"[글로벌 비즈] 中 알리바바, 새 AI 공개에 주가급등",1
“금리 안 내리면 잘라버린다”…백악관도 “파월 해임 검토 중” [지금뉴스],0
"LG디스플레이, 관세 불확실성에 주가하락 …목표가↓-신한",0
"한화, 자회사 주가상승 ·지배구조 개편 기대감…목표주가↑-대신",1
"애플주가, 4%상승200달러 눈앞…엔비디아도 3%↑",1
"1주일 약효에 생산기반까지···큐라티스-인벤티지랩, 경구용 비만약 기대감에급등[Why 바이오]",1
"취임 후 100일, 美 증시 8% 하락 51년 만 최악 성적표 받은 트럼프 [트럼프 100일]",1
SG주가 폭락 주범 라덕연 1심 징역 25년…죄질 매우 불량,0
野 “원희룡 우크라 재건 출장때 삼부토건 끼어 주가급등 ”,1
주가 폭락머스크 구하기 트럼프 테슬라 공격은 테러,0
젠슨 황 이어 저커버그도 갈 길 멀어…양자컴퓨터 주가폭락 부채질,0
[서울데이터랩]‘STX엔진’ 13.35%급등…실시간 상승률 1위,1
[서울데이터랩]거래량 2천만주 오리엔트바이오주가6.44%상승,1
‘해킹 SKT 무상 교체’ 유심 품귀에 관련주 ‘상한가’…제조사株도 동반급등[투자360],1
"[오늘의 급등주] 자이글, 中 ‘나트륨이온 배터리’ 양산 소식에급등",1
“100만 원주가목전” 삼양 ‘라면왕’ 등극하나,1
"美 진출 기대감…휴젤,상승랠리 이어갈까",1
"하이브, 실적 고성장세 지속…뚜렷한 주가상승 기대-IBK",1
이재명과 무관한데 5800원→2만원 폭등…개미 쪽박 우려[주톡피아],1
[영상] 문남중 연구위원 “트럼프 관세 공포 정점 지나… 미국 증시 오를 일만 남았다”,1
친 트럼프 행보 덕?…메타주가하락은 잊었다,0
한화에어로 역대급 3.6조 유증에주가 폭락…후폭풍 거세진다,0
"[체크!코스닥] 인슈어테크 아이지넷주가, 공모가 대비 57%하락",0
"코스피, 기관 사자에 강보합… HD현대중공업 등 주가상승",1
무역전쟁에 가상자산 털썩 관련株 주가하락 도미노,0
"테슬라, 실적 부진에도 주가급등 …머스크 5월부터 정부에 쓰는 시간 줄 것",1
미국 엔비디아주가중국 화웨이 고성능 AI 칩 개발 소식에 2.05% 하락,1
"하나증권 인터넷株, 빅테크 주가하락 에 밸류에이션 부담",0
트럼프발 주가폭락 에 동아 경제적 핵전쟁 조선 금융위기 후 최악,0
주가 폭락 머스크 흑기사로 나선 트럼프…테슬라 1대 살 것,0
[특징주]SKT해킹 여파에 지문·안면 인식 관련주급등,1
미 연준 최근 증시 조정에도주가여전히 높아,0
"[특징주] CJ, 올리브영 콜옵션 조기 행사 소식에 주가급등",1
"테슬라, 심각한 위기상황 보고서…주가6%하락",0
홍성국 “탄핵심판 지연되면 주가하락 …尹 신속히 탄핵해야”,0
"유럽 주식시장, 폭락세 둔화돼…DAX, -10%서 -4%",0
"테슬라, 1분기 실적 예상치 하회…장마감 후주가0.8%상승(상보)",1
"연속적자·관리종목도 못막은 K바이오 주가급등 , 옥석 가려야",1
지난주 K-증시 공매도 절반 감소… 관세 협상 기대·환율하락이 원인,0
"주가바닥 급등 85억원어치 샀다…호텔신라, 11%대 외국인",1
"트럼프, 관세전쟁 강행 의지...버티면 미국이 이긴다",0
계엄에 잠 설치다 이젠 주식 불면…관세 전쟁에 혼란스런 2030 투자족,0
"[굿모닝 마켓] 엔비디아, 양자 컴퓨팅 연구 본격화… 주가상승",1
"메리츠證, 첫 온라인 전용 ‘SUPER ELS’ 6종 출시",1
"中 반도체 관세 철회, 美증시 일제상승…나스닥 1.26%↑(상보)",1
BYD에 1위 뺏겼는데...테슬라주가12%급등,1
현대엘리베이터 주가상승 배경 현대무벡스... 핵심 계열사 도약,1
구글 1분기 실적 시장 예상치 상회…시간 외주가4%대상승,1
트럼프 관세 유예 20%이상 주가상승,1
"뉴욕 연금, 머스크에 테슬라 주가하락 소송 움직임",0
"엔비디아 4.30%급등, 반도체지수도 1.03% 상승(종합)",1
"AI 기대에 올랐던 전력株, 관세 우려에 주춤…목표가 줄하향",0
"한국카본, 여력 증설에 따른 주가상승 추가 충분…목표가↑-SK",1
스마트폰·PC 관세 제외···코스피 불확실성 딛고 반등할까 [주간 증시 전망],0
"[서울데이터랩]파마리서치 2.86%하락, 주가하락 세 주도",0
공매도 타깃 공통점은 급등주…여전히 몸살 앓는 곳 어디?,0
"커버드콜 ETF,급등장서 성적표 갈렸다… 미래에셋 나홀로 강세",1
테슬라주가 폭락에도…머스크 세계최고 갑부 등극,0
트럼프 시장 달래기에 뉴욕증시상승…나스닥 2.5%↑(종합),1
60%급등 계룡건설은 어쩌다 李 테마주가 됐나[종목현미경],1
정치 테마주급등에 대주주 먹튀… 투자자 83% 손해 봤다,1
정치·정책 테마주 뛰자 수십억 챙긴 임원들…개미들만 불안,0
"조선 업종 주가하락 기회···HD현대중공업, 1위[주식 초고수는 지금]",1
[머니줌인] 채권시장 불안…미 국채 매도세 지속·금리급등,1
"[ET라씨로] SK텔레콤, 유심 해킹사태에하락",0
주가 폭락에…아시아 부호들 재산 68조원 증발,0
[특징주] 유심 품귀에 유비벨록스·엑스큐어 상한가…제조사 동반급등,1
美·中 반도체 고래 싸움에 韓새우등 터져…반도체주 줄하락[투자360],0
"SG주가 폭락사태 라덕연, 오늘 1심 선고",0
주가폭락 에 중국 부호 재산도 타격…최악 손실 본 ‘이사람’,0
주가조작 ‘철퇴’…과징금으로 끝나지 않는다,0
"트럼프 “반도체 관세 곧 시작,주가 폭락은 예상된 것”",0
"[시장 따라잡기] 사태로주가급락…입지 높았던 SKT, 해킹 배당성향 흔들?",1
"다올투자증권, 경영권 분쟁 일단락에주가14%대 급락(종합)",0
"[오늘의 급등주] “中, 희토류 수출 중단” 소식에 유니온 주가급등",1
미국 생산량 늘린다는 현대차···주가또 4%상승[줍줍리포트],1
"中 재보복했지만, 치킨게임 더는 없다에 주가상승",1
방경만 체제 KT&G 실적· 주가상승 …증권사 목표가 14만원,1
"트럼프 대중관세 인하 시사, 지수 선물 일제급등…나스닥 1.91%",1
“무상 교체인데 유심 재고도 없네” 주말새 뿔난 소비자들…통신株 엇갈리는주가희비,0
성과내는 줄 알았는데…원금 까먹은 고배당 ETF,0
"‘관세맨’ 트럼프의 착각…美가 마주한 현실은 기업의 불안과 물가상승, 주가하락 [이은아 칼럼]",0
"해킹 여파 SK텔레콤,주가영향은",0
SK 리밸런싱 효과···재무 개선에 기대감도[이런국장 주가상승 저런주식],1
“상호 관세는 역사상 가장 큰 자해” “2차 대전 후 최악의 경제 정책”-서머스,0
美 엔비디아주가4.3% 상승 마감…110달러선 탈환,1
SK 리밸런싱 효과···재무 개선에 주가상승 기대감도[이런국장 저런주식],1
제니 한 마디에주가‘급등’한 회사... “5초 동안 단독 샷 받아”,1
“보름만에주가14배급등” …이재명·한덕수株 과열 조짐,1
[서울데이터랩]코오롱티슈진주가6.32%하락하며 시장 하락세 주도,0
"조선업 DS투자 호황, 경기 넘은 모멘텀…중장기 주가상승",1
[특징주]유심사태가 부른 후폭풍…SKT 급락 보안주급등,1
경기 넘은 구조적 주가상승 ”,1
"한화오션, 산은 지분 매각 소식에 10% 급락",0
"현대차, 연간 8.8조 관세 비용…주가4%대하락[핫종목]",0
이번엔 파월 해임 걱정…아시아주식·美주가선물하락,0
‘병 주고 약준 트럼프’에 빅테크주가이틀째 일제히 랠리…테슬라 7%·엔비디아 4%↑ [투자360],1
‘김건희 연루 논란’ 삼부토건주가조작 의혹 7개월만에 검찰로,1
시총 1조달러 도전… 넷플릭스 주가급등,1
트럼프 한 마디에 바이 아메리카 미증시 일제급등(상보),1
[체크!코스피] 일본제철 주식 매각에… 포스코홀딩스주가급등,1
"한류 전도사 황희찬, 주가급상승 상종가 치는 공격수 꼬셨다… 한국을 사랑하는 법을 가르쳐 준 황희찬 활짝 웃은 쿠냐",1
"카카오페이, 주가상승 크지 않아 목표가 3.4만-신한",1
블룸버그 테슬라주가 폭락에 한국 투자자들 큰 손해 봐,0
"[클릭 부재 e종목]대한항공,주가단기상승동력",1
주가 폭락·해킹·방화까지…머스크 ‘최악의 날’,0
한화에어로 “유상증자가 최적” 재확인…주가는 3.1%하락,0
"유일로보틱스, SK온 미국법인과 콜옵션 계약…주가17%급등(종합)",1
"아이폰 90% 中 생산 애플, 상호관세 충격··· 시외주가 폭락",0
LG엔솔 주가상승 전환…구광모 배터리 성장시킬 것 영향,1
주가하락 에도 젠슨 황은 웃고 있다? 엔비디아의 차세대 AI에 주목해야 하는 이유 [스프],0
해킹 계좌로 100곳주가조작…9600억원 움직였다주가조작 전쟁하는 日,1
"‘임창정♥’ 서하얀, ‘남편주가조작 연루 의혹’ 힘든 시기 어떻게 극복했나 봤더니",0
화웨이 직격탄에 엔비디아주가 폭락…이유는?,0
정용진 초청…트럼프 장남 방한에 신세계 주가상승 세,1
"美 빅테크 올해 이익 증가율 반토막…투자자, 다시 돌아올 것",0
‘이재명’ 붙으니주가‘쑥’…대선공약 기대감에 방산·콘텐츠株 일제상승[투자360],1
"[클릭 e종목]풍산, 지나친 저평가…방산 호실적 주가상승 전망",1
反테슬라 시위· 주가폭락 … 머스크 “힘드네”,0
"손오공,주가 폭락에 유증 자금 뚝···실적 개선도 첩첩산중 [마켓시그널]",0
"주가급등 한 알테오젠, 아스트라제네카에 2조 기술수출",1
[트럼프 스트레스] 연일 파월 때리기…엔비디아주가100달러 붕괴,0
"애플주가, 3일간 19%하락…시총 938조원 증발",0
로보택시 스타트업 포니 AI 텐센트 투자로 47% 폭등(상보),1
키움證 삼성전기 주가하락 과도…대미수출 비중 제한적,0
[미장브리핑] 美달러화 지수 2022년 3월 이후 최저치…M7 주가하락,0
한화에어로 대규모 유상증자에 그룹사주가동반하락,0
31조원 투자에 트럼프 흐뭇...주가급등,1
[증시전략] 초라한 트럼프 취임 100일 성적표…전략 수정은?,0
김 여사 연루 의혹 삼부토건주가조작 사건 남부지검서 수사,1
"팔란티어, NATO ‘AI 군사 시스템’ 수주에 주가급등 [투자360]",1
"삼부토건주가조작, 오너·대표 등 검찰 고발",1
주가변동률 6배 실적은 마이너스…대선 테마주 주의보,1
"1분기 최대 매출 LG이노텍, 2분기 실적 우려에주가4%하락(종합)",0
"리노공업, 액면분할 후 거래 재개 첫날 급등",1
"DS證 “LS일렉트릭, 실적은 주가상승 요인 필요”",1
"한화에어로 13% 주가하락 에…김동관, 30억 규모 자사주 매수",0
기대 밑돈 실적에 코스트코 주가하락,0
"코스피·코스닥, 나란히상승마감… 미·중 관세 전쟁 완화 기대감",1
"DS證 필요” 실적은 성장… 주가상승 요인 “LS일렉트릭,",1
코스닥 상승 종목 역대 최다 기록 썼지만… 60%가 美 관세 발표 前주가밑돌아,0
"[오늘의 급등주] 레이저옵텍, 해외시장 진출·중국 비자 면제에 주가상승",1
"트럼프 100일…방산·조선주 뛰고, 2차전지주 내리막길",1
"한샘, 주가상승 모멘텀 부재…52주 신저가[특징주]",1
"테슬라 1분기 자동차 매출 20% 감소…주가는 8%대급등, 왜",1
“폰·PC는 한달 일시 면제... 곧 발표할 반도체 관세에 적용”,0
"킹달러 흔들리나...美,주가·채권·통화 가치 동시에 떨어지는 트리플 약세",1
"다올투자증권, 경영권 분쟁 진정되자주가13%하락",0
다음달부터 공매도 많아질까…과열 종목 기준 축소,0
SK하닉 1분기 영업익 7.4조 `어닝 서프라이즈`…프리마켓주가2%대상승,1
"증선위, ‘주가조작’ 혐의 삼부토건 경영진 검찰 고발…김건희씨는 빠져",1
"‘中 공장 의존’ 아이폰 이상 無?…애플, 미·중 무역갈등 완화 기대에 3.4%↑[투자360]",0
주가상승 심상찮은 개선에 어닝 기대↑,1
효자 사업 라이신 수출 급증…CJ·대상 주가상승 기대,1
주가4만→1만원 폭락 회사 가보니…150만 인플루언서랑 일해요 [윤현주의 主食이 주식],0
"[서울데이터랩]현대힘스주가, 트럼프 발언에 힘입어급등",1
120만원 간다 관세도 못 막는다는 이 주식…오늘도 불 뿜어,1
주식하락완벽히 피하기는 불가능… 자산배분 투자로 위험 낮춰야,0
"‘명예 한국 기업’ 아이온큐, 주가급등 락에도 굳건한 까닭",1
삼성전자 주가급등,1
"에코프로비엠, 주가상승 여력 제한 증권가 평에 52주 최저가",1
"[뉴욕증시] 전약후강 속 나스닥만 0.1%하락…테슬라, 4.4% 급락→0.3% 상승",0
"다올證 “현대모비스, 2분기 이후 실적 반등 기대…목표주가하향”",1
박준석 와우글로벌 파트너 中 유동성 확대 기대…팝마트·징넝전력 주목 [프리마켓온],1
"SKT, 유심교체 첫날 3.4만명 이탈…주가도하락",0
빅테크주가이틀째 일제히상승마감…테슬라 7%·엔비디아 4%↑(종합),1
"“실적 개선 기대 종목, 주가하락 시 매수 기회”",0
주가상승 이마트…체질 심상찮은 개선에 어닝 서프라이즈 기대↑,1
애플주가또 5% 가까이하락마감…시가총액 순위 2위로 내려앉아,0
"관세, 멍청해 월가 비명에도…트럼프, 믿는 구석이 있다?",0
美 엔비디아주가다시 3%↓…AI 칩 수출통제 강화 여파,0
노보홀딩스 투자 보류하나 ESG 전략은 지속 [ESG 뉴스 5],0
"트럼프, 파월 못 자른다...대공황급 사태 걱정",0
"셀트리온, 주가급등 에 시총 6위 안착…현대차 추월할까",1
"테슬라주가, 자율주행 규제 완화 방침에 9%급등",1
SG 주가폭락 라덕연 항소심 4월 시작…1심 징역 25년·벌금1465억,0
테슬라 시간외급등에…국내 이차전지株 들썩(종합),1
아직 주가상승 여력 28%?…美 JP모건이 꼽은 K방산의 매력 [김동현의 K웨폰],1
일본 투자자들이 미국 국채 투매?…외국 채권 30조원어치 매각,0
"K-방산·조선 9龍, 분기·年영업익 전년比 ‘2배’ 예약…날마다 ‘신고가’ 어디까지 [투자360]",1
"엔비디아 4%-인텔 5%급등, 반도체지수도 4%↑(종합)",1
"나경원 꺾은 안철수, 경선 진출 소식에 ‘테마주’급등[투자360]",1
"“우리도 이런 경험은 처음”...공포에 빠진 시장, 더 자극한 파월의 입 [★★글로벌]",0
"한화오션, 산은 지분매각 소식에 10%대 급락…한화그룹株 약세",1
"S&P500, 1928년 이래 대통령 취임 후 최악…관세 늪에 빠진 美 증시",0
[서울데이터랩]크래프톤 하락폭 가장 커주가1.58%하락하며 약세 기록,0
트럼프 관세 발표 후 ‘ 주가상승 ’한 펭귄 밈···왜?,1
알리바바 딥시크 맞설 고성능 AI모델 출시… 주가급등,1
직원 2만 명 감원 소식에 인텔주가5.54%급등,1
상지건설 롤러코스터…추가 CB 폭탄에도 주가급등,1
[김대호 박사의 오늘의 키워드] 마진콜 금값폭락·트럼프 퇴진·파월의 반란·베트남 항복,0
"[뉴욕증시] 나흘 내리 상승…테슬라 10%, 엔비디아 4% 폭등",1
[대한민국 100대 CEO] 방경만 KT&G 사장 | 영업이익도주가도 UP…빛나는 1년 성적표,0
"시프트업, 중국에서 게임 ‘니케’ 흥행 기대감에주가6%대 상승",0
"[클릭 e종목]대한항공,주가단기상승동력 부재",1
"셀트리온, 관세·실적 우려로주가선제하락…목표가 하향-NH",0
“가격 인상 때문? 제니가 멱살 잡고 캐리?”... 6일 연속 주가상승 한 농심,1
트럼프 테슬라 괴롭히면 지옥 경험 엄포에 주가급등 [아침&매일경제],1
"“단기상승동력 부재”…증권가, 대한항공 목표주가연달아 하향",1
신약 개발·美 진출 기대…디앤디파마텍·에스지헬스케어주가껑충[바이오맥...,0
‘양자컴 상용화 20년 발언’ 수습한 젠슨 황 “업계주가 폭락에 놀랐다”,0
"주가상승 덱스, 자르니 기무라 타쿠야+원빈 물올랐네",1
"미·중 관세회담 기대…아시아·유럽 증시 상승, 美선물하락",0
"주가하락 막자…롯데이노베이트 경영진 19명, 4억원 규모 자사주 매입",0
관세 쇼크에… 선진국주가‘폭삭’·신흥국은 ‘강세’,0
농심라면 인기 끌자 주가상승,1
"서비스나우, 올해 실적 전망 상향…시간외주가10%급등",1
1분기 상장사 시총 70조 늘었지만…10곳 중 6곳 시총 줄어,0
"에스티팜 1분기 영업이익 10억, 전년比 45.5%↓…4분기 제2올리고동 가동",1
트럼프 신세계I&C주가또 방한에 주니어 방긋…실력 증명도 필요,1
[특징주] 한화오션·한화에어로주가6%대급등… 유증 규모 축소,1
"HD현대에너지솔루션, 실적 개선에 모멘텀도 확대…목표가↑-DS",1
"머스크 “5월부터 경영 집중”…테슬라주가, 시간외거래서급등",1
"테슬라주가 폭락, 머스크 한숨 쉬더니 입 열었다",0
트럼프 주니어 방한 소식에…‘절친회사’ 주가급등 했다는데,1
트럼프 방한에 신세계I&C주가또 방긋…실력 필요,1
"네이처셀, FDA 긍정 평가에급등···국내선 허가 반려 이력 [Why 바이오]",1
"LG CNS, 예상 뛰어넘은 실적…클라우드 성장 가속화 구간",1
"[MK시그널] 하나금융지주, 1분기 호실적과 적극적인 9.1% 지속에 따라 주가상승 세…MK시그널 추천 후 상승률 주주환원 기록",1
"‘주가 폭락’ 부른 머스크의 입, 하늘 주도권 야욕이 화근 [김기혁의 테슬라월드]",0
"트럼프, 또 급제동?…대중 관세 0%는 아니라도 상당히 내려갈 것",0
"씨젠, 완전자동화 PCR 장비 기대 속주가6%상승[Why 바이오]",1
서학개미 위험한 베팅···테슬라 올들어 4.2조 사자 [인베스팅 인사이트],0
처가 절연 선언하더니… 주가조작 의혹 이승기 장인 구속,1
"‘니케’ 중국에서 게임 시프트업, 흥행 기대감에주가6%대상승",1
[굿모닝 증시]모처럼 쉬어간 美 증시…韓은하락출발 전망,0
주가 폭락에 장사 없다…머스크 결국 테슬라 복귀하기로,0
"“V턴 기대 어려워” 관세 쓰나미에 휘청인 코스피, 이번 주 연준 개입에 거는 기대 [투자360]",0
"유럽 정치 개입 머스크, 테슬라 판매 급감에주가 폭락",0
"[데스크가 만난 사람]“트럼프의 ‘원스톱쇼핑’ 협상, 한국 등 동맹들 신뢰 훼손시킬 것”",0
하루 만에 1600여명 SKT 이탈…주가약 7% 급락,1
"충격! 최후 보루 日, 美 국채 30조원 매각! 트럼프 심장! 텍사스 S 공포, 美 경제가 붕괴된다 [한상춘의 지금세계는]",0
"[단독]주가 폭락 금양, 기술력으로 위기 정면돌파…류광지 회장 앞으론 원통형",0
자사주 소각 밸류업 속도… 주가상승 힘받는다,1
"흐름 실적 개선으로 주가상승 아모레G, 전망-상상인",1
[서울데이터랩]금일 코스피 거래량 1위 우리로 거래대금 839억원 돌파,1
"HD현대일렉트릭, 역대급 실적에도주가는 급락?…증권가 분석 엇갈려",0
주가 폭락보다 더 무서운 국채 매도에 ‘한발 물러선 트럼프’,0
힘 못쓰네… 올해 공모주 중 절반은 평균 26.8% 주가하락,0
조기대선에 롤러코스터 정치·정책테마株 기승…시장경보 비상,0
"[특징주] “오늘로 정치 졸업” 홍준표 테마주, 일제히하락",0
"신라젠,주가2배 이상 껑충…외부도입·자체개발 투트랙 효과 톡톡",1
"“신한지주, 올 당기순이익 5조 돌파···주가최대 70% 오른다[스타즈IR]",1
"“나는 행복합니다, 한화 투자자라 행복합니다”...압도적 수익률 거두고 있다는데",0
"[사설]주가 폭락에 성장률 0%대 전망까지, 추경 시급하다",0
"거래소, 올리패스에 주가급등 조회공시 요구",1
로봇 부품 기업 가치 14배 증가···AI 보안기업 주가급등 [AI 프리즘*스타트업 창업자 뉴스],1
트럼프 유화 발언에 뉴욕증시상승마감,1
정용진 초청으로 트럼프 주니어 방한 소식에···신세계I&C급등[줍줍 리포트],1
"“하루 만에 재산 68조원 증발”…눈물 흘린 부자들, 무슨 일",0
"안철수, 국민의힘 2차 경선 진출…써니전자·안랩주가강세(종합)",1
"LG전자, 1분기 매출 성장에도주가는 우하향…B2B·구독서비스 기대",1
"하나證 “현대차, 관세 영향 반영… 목표주가하향 조정”",0
"경기 가늠자 텍사스인스트루먼트, 깜짝실적… 주가급등",1
"美 엔비디아주가, ‘中 화웨이 고성능 AI 칩 개발’ 보도에 휘청",0
"숙제 같이 풀어보자…협상의 기술 이제훈, 김창안 도와 주가하락 방어 시작 [전일야화]",0
[서울데이터랩]리가켐바이오주가4.75%하락하며 하락세 주도,0
“수요 탄탄” 美 엔비디아주가4.3% 상승 마감…110달러선 탈환,1
호주 조선업체 인수 기대감…한화·한화오션주가급등,1
[대한민국 100대 CEO] 진옥동 신한금융그룹 회장 | ‘밸류업’ 모범생…주주환원율 40% 돌파,1
"머스크, 테슬라주가 폭락하자 직원들 주식 팔지마",0
은행계 증권사 1Q 실적 급감…나홀로 웃은 ‘신한투자증권’,0
한화오션 11% ‘뚝’···산은 지분 매각에 오버행 부담 [이런국장 저런주식],1
"[굿모닝 마켓] 테슬라, 3월 판매량 전년비 34% 증가… 주가상승",1
"배터리·정유·화학 모두 부진…SK이노, 내달 비상경영 선포",0
"한류 황희찬, 주가급상승 상종가 치는 공격수 사랑하는 가르쳐 준 황희찬 활짝 웃은",1
"‘머스크, DOGE 수장 관둔다’ 보도에 테슬라주가5%상승",1
백종원만 믿었는데주가 폭락비상…더본코리아 결국,0
"시프트업, 게임 니케 중국 흥행 기대에주가7.6%상승(종합)",1
미 AI반도체 대중 수출 통제 강화 이후 반도체 주가하락,0
"테슬라, 리콜 소식에 주가하락 …리콜 발표 영향 등",0
"증선위, 삼부토건주가조작 전·현 실질 사주와 대표이사 검찰에 고발",1
‘선물매매 1300억원대 손실 조작’ 신한투자증권 임직원 2명 기소,0
조선 주가하락 은 순매수 1위[주식 초고수는 지금],1
"디지털대성, 올해 실적개선 기대… 주가상승 여력 충분-신한",1
"美‘쉴드 AI’ 투자 회사 한화에어로 아냐, 주가급등 이유 없어",1
"금융위기 전조현상 [더 나은 경제, SDGs]",0
"최윤범, 경영권 방어 일단 웃었지만…檢 유증 수사에 역풍 맞을까",0
"KT 경영점수, 5년 새 최고점…실적· 주가상승 영향",1
유종일 “AI+제조업 투자 컨소시엄 구축···성장 마지막 열쇠”,0
"美, 자동차 25% 관세 2일부터 부과…업계주가줄하락",0
"미국은 블랙리스트, 중국은 환경 규제...엔비디아주가6%하락",0
엔비디아주가100달러 붕괴…국내 반도체주도 약세,0
"[어제장 오늘장] 민주당, 추가경정예산안 단독 의결…지역화폐주 강세",1
주가상승 심상찮은 이마트…체질 개선에 어닝 서프라이즈 기대↑,1
"트럼프, 시장 요동에 “中관세 상당히 낮아질 것”",0
"신약 모멘텀에 신라젠·엠투엔 상한가, 박셀바이오도급등[바이오맥짚기]",1
"트럼프 전자제품 관세 면제, 애플-엔비디아 주가급등 …삼전은?",1
